Hello,Hello World!
test,I will have to give that some thought.
Hello,Hello World!
Hello,Hello World!
Hallo,Hello World!
Hello,Hello World!
utot mo to,utot
testing mo to,utot
Do you sell slippers?, yes
Hello,Hello World!
a,I don't have a response for that.
testing mo to,utot testing
testing,utot testing
Hello,Hello World!
Hello,Hello World!
Hello,Hello World!
Hello,Hello World!
Hello,Hello World!
Hello,Hello World!
Hello,Hello World!
Hello,Hello World!
Hello,Hello World!
Hello,Hello World!
how are you?,I am a Chatbot.
Hello,Hello World!
Hello,Hello World!
Hello,Hello World!
Hello,Hello World!
Hello,Hello World!
Hello,Hello World!
Hello,Hello World!
Hello,Hello World!
Hello,Hello World!
Hello,Hello World!
Hello,Hello World!
Hello,Hello World!
Hello,Hello World!
Hello,Hello World!
Hello,Hello World!
Hello,Hello World!
Hello,Hello World!
Hello,Hello World!
Hello,Hello World!
test,Is there a different way you can ask that?
Hello,Hello World!
test,I don't have a response for that.
Hello,Hello World!
test,Is there a different way you can ask that?
Hello,Hello World!
test,I'm not an expert on that.
time?,I will have to give that some thought.
Hello,Hello World!
Hello,Hello World!
Hello,Hello World!
test,I could not tell you.
Hello,Hello World!
test,Can you try rephrasing that please?
Hello,Hello World!
test,I could not tell you.
Hello,Hello World!
test,I will have to give that some thought.
Hello,Hello World!
Hello,Hello World!
test,Is there a different way you can ask that?
Hello,Hello World!
test,I will have to give that some thought.
Hello,Hello World!
test,I'm not sure about that.
Hello,Hello World!
test,I don't know.
Hello,Hello World!
Hello,Hello World!
test,There are some things I just don't know about yet.
test,I'm not sure about that.
test,Is there a different way you can ask that?
Hello,Hello World!
test,I'm not an expert on that.
test,Can you try rephrasing that please?
test,I could not tell you.
Hello,Hello World!
test,I don't have a response for that.
Hello,Hello World!
test,I could not tell you.
Hello,Hello World!
Hello,Hello World!
Hello,Hello World!
test,I could not tell you.
Hello,Hello World!
test,I don't have a response for that.
asd,I'm not sure about that.
test,There are some things I just don't know about yet.
Hello,Hello World!
test,I could not tell you.
test,Is there a different way you can ask that?
Hello,Hello World!
Hello,Hello World!
Hello,Hello World!
Hello,Hello World!
test,I'm not sure about that.
Hello,Hello World!
Hello,Hello World!
test,I'm not sure about that.
Hello,Hello World!
test,I don't know.
Hello,Hello World!
test,Is there a different way you can ask that?
Hello,Hello World!
Hello,Hello World!
Hello,Hello World!
Hello,Hello World!
Hello,Hello ' + username + '!
Hello,Hello `+ username +`!
Hi,Hello `+ username +`!
Hello,Hello `+ username +`!
Hello,Hello `+ username +`!
Hello,Hello `+ username +`!
Hello,Hello $username!
Hello,Hello $username!
Hello,Hello $username!
Hello,Hello $username!
Hello,Hello $username!
Hello,Hello $username!
Hello,Hello $username!
Hello,Hello $username!
Hello,Hello $username!
Hello,Hello $username!
Hello,Hello $username!
testing,utot testing
Hello,Hello $username!
testing,utot testing
Hello,Hello $username!
Hello,Hello $username!
Hello,"Hello ""+username+""!"
What time is it?,getTime()
Hello,"Hello ""+username+""!"
What time is it?,23:46:59
what day is it?,5/30/2023 0:00
Hello,Hello Human!
test,I don't know.
What time is it?,23:46:59
Hello,Hello Human!
Hello,Hello Human!
test,I don't really know what you are asking.
fdsfjkshfweiujrnwejkrnwejkrnwejrnwjrnwenrwerniwejrnwerkjwernwekjrwenrwekrje,I'm not an expert on that.
Hello,Hello Human!
testsdsamdsakodlmsadklsadmsalkdmasdklasmdlsadmsakldmsalkdamsdaskldasdasd,I don't really know what you are asking.
Hello,Hello Human!
Hello,Hello Human!
Ttestaokdsmajkldsanjdjsahdaslkdjsakldjsadklsahdkjsadhsajkdhasjkldsa,I'm not sure about that.
Hello,Hello Human!
tesradlsakdklasjfljfja;ldjsad;klasjdksafhjkfhsad;fasdj;saodas,I could not tell you.
Hello,Hello Human!
asdasdsafsd;kgjsfo;gkdfjsgh;sfjkhjdhklt;uky;'ktulkrt;'uyk'rt;,I'll need to take some time to think on that.
Hello,Hello Human!
asdjasdhkasejhwqiuenwqmkeqnwekjqeqjehqjehwqkjewqeq,I don't know.
Hello,Hello Human!
Hello,Hello Human!
Hello,Hello Human!
Hello,Hello Human!
Hello,Hello Human!
Hello,Hello Human!
Hello,Hello Human!
Hello,Hello Human!
Who are you?,I am a Alumni Bot.
